12/09/2017,01:06:00,3.0575,3.0595,3.057,3.059,81
12/09/2017,01:07:00,3.059,3.0635,3.059,3.0635,341
12/09/2017,01:08:00,3.0635,3.0635,3.061,3.061,128
12/09/2017,01:09:00,3.061,3.063,3.061,3.063,51
12/09/2017,01:10:00,3.0625,3.0625,3.061,3.0615,82
12/09/2017,01:11:00,3.0615,3.0615,3.0615,3.0615,9
12/09/2017,01:12:00,3.0615,3.0635,3.0615,3.062,126
12/09/2017,01:13:00,3.062,3.062,3.061,3.0615,83
12/09/2017,01:14:00,3.0615,3.0635,3.0615,3.0635,64
12/09/2017,01:15:00,3.0635,3.065,3.0625,3.065,112
12/09/2017,01:16:00,3.065,3.0655,3.064,3.0645,119
12/09/2017,01:17:00,3.0645,3.0655,3.0635,3.064,80
12/09/2017,01:18:00,3.064,3.064,3.064,3.064,46
12/09/2017,01:19:00,3.0635,3.067,3.0635,3.0665,189
12/09/2017,01:20:00,3.0665,3.0665,3.0645,3.0645,87
12/09/2017,01:21:00,3.0645,3.0655,3.0645,3.0655,112
12/09/2017,01:22:00,3.066,3.066,3.065,3.0655,73
12/09/2017,01:23:00,3.065,3.068,3.065,3.0675,208
12/09/2017,01:24:00,3.0675,3.0675,3.0655,3.066,141
12/09/2017,01:25:00,3.066,3.0665,3.0655,3.066,54
12/09/2017,01:26:00,3.066,3.066,3.065,3.066,165
12/09/2017,01:27:00,3.066,3.067,3.0655,3.067,183
12/09/2017,01:28:00,3.067,3.0675,3.066,3.0665,130
12/09/2017,01:29:00,3.066,3.0665,3.064,3.064,168
12/09/2017,01:30:00,3.064,3.065,3.0635,3.0635,84
12/09/2017,01:31:00,3.0635,3.0635,3.0615,3.0615,152
12/09/2017,01:32:00,3.0615,3.0625,3.0615,3.062,51
12/09/2017,01:33:00,3.0615,3.0625,3.0615,3.0625,103
12/09/2017,01:34:00,3.062,3.063,3.062,3.0625,90
12/09/2017,01:35:00,3.0625,3.064,3.0625,3.063,82
12/09/2017,01:36:00,3.063,3.063,3.062,3.0625,48
12/09/2017,01:37:00,3.062,3.063,3.062,3.063,43
12/09/2017,01:38:00,3.063,3.0635,3.0625,3.0635,51
12/09/2017,01:39:00,3.063,3.064,3.063,3.0635,9
12/09/2017,01:40:00,3.064,3.064,3.062,3.0625,48
12/09/2017,01:41:00,3.063,3.063,3.061,3.061,38
12/09/2017,01:42:00,3.061,3.062,3.0605,3.062,92
12/09/2017,01:43:00,3.0615,3.063,3.0615,3.063,98
12/09/2017,01:44:00,3.063,3.0635,3.0625,3.063,94
12/09/2017,01:45:00,3.063,3.0665,3.063,3.0655,354
12/09/2017,01:46:00,3.0655,3.067,3.0655,3.0665,175
12/09/2017,01:47:00,3.066,3.067,3.065,3.065,117
12/09/2017,01:48:00,3.065,3.0655,3.0645,3.0655,31
12/09/2017,01:49:00,3.0655,3.0655,3.065,3.0655,51
12/09/2017,01:50:00,3.0655,3.066,3.0645,3.0645,54
12/09/2017,01:51:00,3.0645,3.065,3.064,3.064,55
12/09/2017,01:52:00,3.0635,3.0635,3.063,3.063,13
12/09/2017,01:53:00,3.063,3.064,3.063,3.064,26
12/09/2017,01:54:00,3.0635,3.0635,3.063,3.063,58
12/09/2017,01:55:00,3.063,3.0635,3.0625,3.0625,39
12/09/2017,01:56:00,3.0625,3.064,3.0625,3.064,43
12/09/2017,01:57:00,3.064,3.065,3.064,3.0645,34
12/09/2017,01:58:00,3.0645,3.065,3.064,3.064,87
12/09/2017,01:59:00,3.0635,3.0635,3.062,3.062,93
12/09/2017,02:00:00,3.0625,3.0625,3.0595,3.06,206
12/09/2017,02:01:00,3.06,3.06,3.0575,3.058,112
12/09/2017,02:02:00,3.0585,3.059,3.0575,3.0575,48
12/09/2017,02:03:00,3.057,3.0575,3.0565,3.0565,86
12/09/2017,02:04:00,3.057,3.0575,3.0555,3.0575,71
12/09/2017,02:05:00,3.0575,3.0575,3.056,3.0565,28
12/09/2017,02:06:00,3.056,3.057,3.056,3.057,20
12/09/2017,02:07:00,3.057,3.057,3.0555,3.0565,27
12/09/2017,02:08:00,3.0565,3.0575,3.0565,3.057,23
12/09/2017,02:09:00,3.057,3.0585,3.057,3.0585,26
12/09/2017,02:10:00,3.058,3.059,3.058,3.059,47
12/09/2017,02:11:00,3.059,3.0595,3.059,3.059,31
12/09/2017,02:12:00,3.059,3.059,3.0585,3.059,36
12/09/2017,02:13:00,3.059,3.059,3.0585,3.0585,27
12/09/2017,02:14:00,3.059,3.059,3.058,3.0585,32
12/09/2017,02:15:00,3.0585,3.059,3.0585,3.059,28
12/09/2017,02:16:00,3.059,3.0605,3.059,3.0595,54
12/09/2017,02:17:00,3.06,3.0615,3.06,3.0615,21
12/09/2017,02:18:00,3.0615,3.0615,3.0605,3.0605,92
12/09/2017,02:19:00,3.0605,3.062,3.0605,3.062,29
12/09/2017,02:20:00,3.062,3.062,3.0615,3.062,30
12/09/2017,02:21:00,3.0615,3.062,3.061,3.062,58
12/09/2017,02:22:00,3.0625,3.063,3.062,3.0625,46
12/09/2017,02:23:00,3.062,3.0625,3.0615,3.062,42
12/09/2017,02:24:00,3.0615,3.0625,3.0615,3.062,22
12/09/2017,02:25:00,3.062,3.0625,3.0615,3.0625,44
12/09/2017,02:26:00,3.0625,3.0625,3.062,3.0625,21
12/09/2017,02:27:00,3.063,3.063,3.0625,3.0625,3
12/09/2017,02:28:00,3.0625,3.0625,3.062,3.062,30
12/09/2017,02:29:00,3.062,3.062,3.0615,3.0615,58
12/09/2017,02:30:00,3.062,3.062,3.059,3.06,112
12/09/2017,02:31:00,3.0605,3.0605,3.0605,3.0605,18
12/09/2017,02:32:00,3.061,3.061,3.0605,3.0605,22
12/09/2017,02:33:00,3.0605,3.0605,3.0605,3.0605,11
12/09/2017,02:34:00,3.0605,3.0605,3.06,3.0605,13
12/09/2017,02:35:00,3.06,3.0605,3.06,3.06,32
12/09/2017,02:36:00,3.0605,3.0605,3.06,3.0605,8
12/09/2017,02:37:00,3.0605,3.061,3.0605,3.0605,29
12/09/2017,02:38:00,3.0605,3.0605,3.0595,3.0595,21
12/09/2017,02:39:00,3.059,3.0595,3.0585,3.0595,25
12/09/2017,02:40:00,3.0595,3.0595,3.059,3.059,23
12/09/2017,02:41:00,3.0595,3.0605,3.059,3.059,27
12/09/2017,02:42:00,3.059,3.0595,3.0585,3.0585,8
12/09/2017,02:43:00,3.059,3.059,3.0585,3.059,10
12/09/2017,02:44:00,3.059,3.059,3.059,3.059,7
12/09/2017,02:45:00,3.0585,3.0585,3.0585,3.0585,3
12/09/2017,02:46:00,3.058,3.058,3.057,3.0575,52
12/09/2017,02:47:00,3.0575,3.058,3.057,3.058,27
12/09/2017,02:48:00,3.0575,3.058,3.0565,3.057,68
12/09/2017,02:49:00,3.0575,3.058,3.057,3.0575,37
12/09/2017,02:50:00,3.058,3.058,3.0565,3.0565,32
12/09/2017,02:51:00,3.057,3.057,3.056,3.056,41
12/09/2017,02:52:00,3.056,3.056,3.0555,3.056,30
12/09/2017,02:53:00,3.056,3.056,3.0555,3.056,16
12/09/2017,02:54:00,3.056,3.056,3.0555,3.0555,28
12/09/2017,02:55:00,3.056,3.056,3.0555,3.0555,33
12/09/2017,02:56:00,3.0555,3.056,3.0525,3.055,305
12/09/2017,02:57:00,3.0555,3.0555,3.055,3.055,29
12/09/2017,02:58:00,3.0555,3.0555,3.055,3.055,22
12/09/2017,02:59:00,3.0545,3.055,3.0545,3.0545,37
12/09/2017,03:00:00,3.0545,3.0545,3.045,3.0465,1038
12/09/2017,03:01:00,3.0465,3.047,3.043,3.046,572
12/09/2017,03:02:00,3.046,3.0475,3.046,3.0465,136
12/09/2017,03:03:00,3.0465,3.048,3.046,3.047,103
12/09/2017,03:04:00,3.047,3.0515,3.0465,3.0505,401
12/09/2017,03:05:00,3.05,3.052,3.05,3.0505,118
12/09/2017,03:06:00,3.0505,3.0515,3.05,3.05,51
12/09/2017,03:07:00,3.0505,3.051,3.049,3.0495,37
12/09/2017,03:08:00,3.049,3.049,3.046,3.046,187
12/09/2017,03:09:00,3.0455,3.0475,3.045,3.0455,86
12/09/2017,03:10:00,3.0455,3.047,3.045,3.047,31
12/09/2017,03:11:00,3.047,3.0495,3.047,3.0485,161
12/09/2017,03:12:00,3.0485,3.0485,3.048,3.048,17
12/09/2017,03:13:00,3.0485,3.0485,3.0465,3.0475,116
12/09/2017,03:14:00,3.047,3.0475,3.0465,3.0475,22
12/09/2017,03:15:00,3.048,3.0485,3.0475,3.048,21
12/09/2017,03:16:00,3.048,3.048,3.0475,3.0475,20
12/09/2017,03:17:00,3.0475,3.0475,3.047,3.0475,29
12/09/2017,03:18:00,3.0475,3.0475,3.047,3.0475,27
12/09/2017,03:19:00,3.047,3.0475,3.0465,3.0465,97
12/09/2017,03:20:00,3.0465,3.0475,3.0465,3.0475,56
12/09/2017,03:21:00,3.047,3.0475,3.047,3.047,14
12/09/2017,03:22:00,3.047,3.0475,3.047,3.047,38
12/09/2017,03:23:00,3.047,3.0475,3.047,3.0475,7
12/09/2017,03:24:00,3.0475,3.0475,3.047,3.047,4
12/09/2017,03:25:00,3.047,3.049,3.047,3.0485,50
12/09/2017,03:26:00,3.049,3.049,3.0485,3.0485,26
12/09/2017,03:27:00,3.048,3.0485,3.0475,3.048,19
12/09/2017,03:28:00,3.0485,3.0485,3.048,3.048,17
12/09/2017,03:29:00,3.048,3.048,3.0475,3.048,22
12/09/2017,03:30:00,3.0485,3.049,3.0485,3.0485,26
12/09/2017,03:31:00,3.048,3.0485,3.0465,3.0465,13
12/09/2017,03:32:00,3.047,3.047,3.046,3.047,47
12/09/2017,03:33:00,3.0465,3.047,3.0455,3.0455,91
12/09/2017,03:34:00,3.0455,3.0465,3.045,3.0465,126
12/09/2017,03:35:00,3.046,3.047,3.046,3.047,117
12/09/2017,03:36:00,3.0465,3.0475,3.0465,3.0475,31
12/09/2017,03:37:00,3.0475,3.048,3.047,3.0475,34
12/09/2017,03:38:00,3.0475,3.048,3.0465,3.0465,54
12/09/2017,03:39:00,3.0465,3.047,3.046,3.0465,33
12/09/2017,03:40:00,3.047,3.047,3.0465,3.0465,6
12/09/2017,03:41:00,3.047,3.047,3.047,3.047,1
12/09/2017,03:42:00,3.0465,3.047,3.0465,3.047,19
12/09/2017,03:43:00,3.047,3.0475,3.047,3.047,7
12/09/2017,03:44:00,3.0475,3.0475,3.0465,3.0465,21
12/09/2017,03:45:00,3.047,3.048,3.047,3.048,10
12/09/2017,03:46:00,3.048,3.0485,3.0475,3.0485,66
12/09/2017,03:47:00,3.048,3.0485,3.048,3.0485,15
12/09/2017,03:48:00,3.0485,3.0485,3.048,3.0485,49
12/09/2017,03:49:00,3.048,3.0495,3.048,3.049,79
12/09/2017,03:50:00,3.049,3.049,3.0485,3.049,36
12/09/2017,03:51:00,3.0485,3.0485,3.0475,3.0485,25
12/09/2017,03:52:00,3.0485,3.0485,3.048,3.0485,18
12/09/2017,03:53:00,3.049,3.0495,3.0485,3.049,30
12/09/2017,03:54:00,3.049,3.05,3.049,3.0495,149
12/09/2017,03:55:00,3.0495,3.0495,3.0485,3.049,27
12/09/2017,03:56:00,3.049,3.049,3.0485,3.0485,5
12/09/2017,03:57:00,3.0485,3.049,3.048,3.049,16
12/09/2017,03:58:00,3.049,3.049,3.0475,3.0475,21
12/09/2017,03:59:00,3.048,3.048,3.0455,3.0455,119
12/09/2017,04:00:00,3.0455,3.046,3.0435,3.0455,174
12/09/2017,04:01:00,3.0455,3.0455,3.0445,3.045,40
12/09/2017,04:02:00,3.045,3.0455,3.0445,3.045,40
12/09/2017,04:03:00,3.045,3.046,3.045,3.0455,81
12/09/2017,04:04:00,3.0455,3.046,3.045,3.045,46
12/09/2017,04:05:00,3.0455,3.0455,3.045,3.045,8
12/09/2017,04:06:00,3.045,3.045,3.044,3.0445,56
12/09/2017,04:07:00,3.0445,3.045,3.0445,3.0445,56
12/09/2017,04:08:00,3.0445,3.045,3.0445,3.0445,5
12/09/2017,04:09:00,3.0445,3.045,3.044,3.045,22
12/09/2017,04:10:00,3.0445,3.0445,3.0445,3.0445,31
12/09/2017,04:11:00,3.0445,3.0455,3.0445,3.045,33
12/09/2017,04:12:00,3.045,3.0455,3.045,3.0455,23
12/09/2017,04:13:00,3.0455,3.046,3.0455,3.0455,24
12/09/2017,04:14:00,3.0455,3.0455,3.045,3.0455,35
12/09/2017,04:15:00,3.0455,3.0455,3.0455,3.0455,2
12/09/2017,04:16:00,3.045,3.045,3.0445,3.0445,30
12/09/2017,04:17:00,3.045,3.045,3.044,3.044,43
12/09/2017,04:18:00,3.044,3.0445,3.043,3.0435,64
12/09/2017,04:19:00,3.0435,3.045,3.0435,3.045,73
12/09/2017,04:20:00,3.0455,3.0465,3.045,3.0465,35
12/09/2017,04:21:00,3.0465,3.047,3.046,3.046,44
12/09/2017,04:22:00,3.046,3.0465,3.046,3.046,26
12/09/2017,04:23:00,3.046,3.046,3.0455,3.046,11
12/09/2017,04:24:00,3.046,3.046,3.0455,3.0455,5
12/09/2017,04:25:00,3.0455,3.046,3.0455,3.046,6
12/09/2017,04:26:00,3.0455,3.046,3.0455,3.0455,53
12/09/2017,04:27:00,3.0455,3.0455,3.0445,3.0445,13
12/09/2017,04:28:00,3.045,3.045,3.044,3.0445,16
12/09/2017,04:29:00,3.0445,3.046,3.044,3.0455,57
12/09/2017,04:30:00,3.046,3.046,3.0455,3.0455,40
12/09/2017,04:31:00,3.0455,3.046,3.045,3.046,24
12/09/2017,04:32:00,3.046,3.046,3.0455,3.046,12
12/09/2017,04:33:00,3.0455,3.046,3.0455,3.046,28
12/09/2017,04:34:00,3.0455,3.046,3.0455,3.0455,18
12/09/2017,04:35:00,3.0455,3.046,3.0455,3.046,16
12/09/2017,04:36:00,3.046,3.046,3.046,3.046,1
12/09/2017,04:37:00,3.0455,3.0455,3.045,3.045,9
12/09/2017,04:38:00,3.045,3.045,3.037,3.0405,981
12/09/2017,04:39:00,3.04,3.04,3.0385,3.039,52
12/09/2017,04:40:00,3.0385,3.0385,3.036,3.037,302
12/09/2017,04:41:00,3.036,3.037,3.036,3.037,97
12/09/2017,04:42:00,3.037,3.038,3.037,3.038,36
12/09/2017,04:43:00,3.0375,3.039,3.0375,3.039,48
12/09/2017,04:44:00,3.0385,3.039,3.038,3.039,39
12/09/2017,04:45:00,3.039,3.0395,3.0385,3.0385,43
12/09/2017,04:46:00,3.0385,3.0385,3.038,3.038,22
12/09/2017,04:47:00,3.0385,3.0385,3.0375,3.0375,12
12/09/2017,04:48:00,3.0375,3.0385,3.0375,3.0385,35
12/09/2017,04:49:00,3.0385,3.039,3.038,3.039,54
12/09/2017,04:50:00,3.039,3.0395,3.039,3.039,36
12/09/2017,04:51:00,3.0395,3.0405,3.039,3.04,41
12/09/2017,04:52:00,3.0395,3.04,3.0395,3.04,12
12/09/2017,04:53:00,3.04,3.0405,3.04,3.04,30
12/09/2017,04:54:00,3.04,3.04,3.04,3.04,4
12/09/2017,04:55:00,3.04,3.0405,3.0395,3.0405,20
12/09/2017,04:56:00,3.0405,3.0405,3.0405,3.0405,1
12/09/2017,04:57:00,3.0405,3.0405,3.0405,3.0405,4
12/09/2017,04:58:00,3.04,3.0405,3.04,3.04,24
12/09/2017,04:59:00,3.0405,3.041,3.04,3.0405,32
12/09/2017,05:00:00,3.04,3.0405,3.04,3.0405,9
12/09/2017,05:01:00,3.04,3.0405,3.0395,3.0395,57
12/09/2017,05:02:00,3.0395,3.0395,3.0395,3.0395,4
12/09/2017,05:03:00,3.0395,3.04,3.0395,3.04,18
12/09/2017,05:04:00,3.04,3.04,3.0395,3.04,26
12/09/2017,05:05:00,3.0405,3.041,3.0405,3.0405,34
12/09/2017,05:06:00,3.0405,3.0405,3.0405,3.0405,11
12/09/2017,05:07:00,3.0405,3.0405,3.0405,3.0405,6
12/09/2017,05:08:00,3.0405,3.0405,3.0405,3.0405,19
12/09/2017,05:09:00,3.0405,3.042,3.0405,3.042,54
12/09/2017,05:10:00,3.0415,3.042,3.0415,3.042,40
12/09/2017,05:11:00,3.042,3.0425,3.041,3.041,28
12/09/2017,05:12:00,3.041,3.041,3.04,3.04,46
12/09/2017,05:13:00,3.0395,3.0405,3.0395,3.0405,25
12/09/2017,05:14:00,3.04,3.04,3.04,3.04,11
12/09/2017,05:15:00,3.04,3.0405,3.04,3.0405,15
12/09/2017,05:16:00,3.0405,3.0405,3.0405,3.0405,40
12/09/2017,05:17:00,3.0405,3.041,3.0395,3.0395,100
12/09/2017,05:18:00,3.04,3.04,3.04,3.04,14
12/09/2017,05:19:00,3.04,3.0405,3.04,3.0405,4
12/09/2017,05:20:00,3.04,3.0405,3.04,3.0405,16
12/09/2017,05:21:00,3.04,3.0405,3.04,3.0405,29
12/09/2017,05:22:00,3.04,3.0405,3.04,3.0405,19
12/09/2017,05:23:00,3.0405,3.041,3.04,3.0405,41
12/09/2017,05:24:00,3.041,3.041,3.0395,3.0405,45
12/09/2017,05:25:00,3.0405,3.041,3.0405,3.041,26
12/09/2017,05:26:00,3.0415,3.0415,3.041,3.041,23
12/09/2017,05:27:00,3.041,3.0415,3.041,3.0415,20
12/09/2017,05:28:00,3.042,3.042,3.0415,3.0415,9
12/09/2017,05:29:00,3.0415,3.0415,3.0415,3.0415,7
12/09/2017,05:30:00,3.0415,3.0415,3.0415,3.0415,12
12/09/2017,05:31:00,3.041,3.041,3.0395,3.04,131
12/09/2017,05:32:00,3.04,3.0405,3.04,3.0405,18
12/09/2017,05:33:00,3.0405,3.0405,3.04,3.0405,4
12/09/2017,05:34:00,3.0405,3.0405,3.0405,3.0405,9
12/09/2017,05:35:00,3.04,3.0405,3.04,3.04,3
12/09/2017,05:37:00,3.04,3.0405,3.04,3.0405,8
12/09/2017,05:38:00,3.0405,3.041,3.0405,3.041,8
12/09/2017,05:39:00,3.041,3.041,3.041,3.041,2
12/09/2017,05:40:00,3.041,3.041,3.041,3.041,1
12/09/2017,05:41:00,3.0405,3.0405,3.04,3.04,43
12/09/2017,05:42:00,3.04,3.04,3.0395,3.0395,28
12/09/2017,05:43:00,3.0395,3.0395,3.039,3.039,25
12/09/2017,05:44:00,3.0385,3.0385,3.0375,3.0375,80
12/09/2017,05:45:00,3.0375,3.038,3.0295,3.035,973
12/09/2017,05:46:00,3.035,3.0355,3.0325,3.034,146
12/09/2017,05:47:00,3.0335,3.0335,3.032,3.0335,100
12/09/2017,05:48:00,3.0335,3.0345,3.033,3.0345,91
12/09/2017,05:49:00,3.034,3.034,3.033,3.033,46
12/09/2017,05:50:00,3.0335,3.0335,3.0325,3.0325,28
12/09/2017,05:51:00,3.0325,3.033,3.0305,3.032,107
12/09/2017,05:52:00,3.0315,3.0315,3.028,3.029,261
12/09/2017,05:53:00,3.029,3.0295,3.027,3.0285,181
12/09/2017,05:54:00,3.029,3.0305,3.029,3.03,101
12/09/2017,05:55:00,3.03,3.031,3.0295,3.0295,47
12/09/2017,05:56:00,3.0295,3.032,3.029,3.0315,114
12/09/2017,05:57:00,3.032,3.0325,3.0315,3.0325,42
12/09/2017,05:58:00,3.032,3.0335,3.032,3.0335,23
12/09/2017,05:59:00,3.033,3.0335,3.033,3.0335,12
12/09/2017,06:00:00,3.033,3.0345,3.033,3.034,125
12/09/2017,06:01:00,3.0335,3.0335,3.033,3.033,28
12/09/2017,06:02:00,3.0335,3.034,3.033,3.034,44
12/09/2017,06:03:00,3.034,3.034,3.0325,3.033,62
12/09/2017,06:04:00,3.0335,3.0345,3.0335,3.0335,36
12/09/2017,06:05:00,3.0335,3.034,3.0335,3.034,11
12/09/2017,06:06:00,3.034,3.035,3.0335,3.035,43
12/09/2017,06:07:00,3.035,3.035,3.0345,3.0345,26
12/09/2017,06:08:00,3.034,3.0355,3.034,3.0355,39
12/09/2017,06:09:00,3.0355,3.0355,3.034,3.0345,44
12/09/2017,06:10:00,3.0345,3.037,3.0345,3.0345,194
12/09/2017,06:11:00,3.034,3.0345,3.034,3.034,18
12/09/2017,06:12:00,3.0345,3.035,3.034,3.035,54
12/09/2017,06:13:00,3.0345,3.0365,3.034,3.035,104
12/09/2017,06:14:00,3.035,3.036,3.035,3.036,20
12/09/2017,06:15:00,3.036,3.036,3.0355,3.0355,3
12/09/2017,06:16:00,3.0355,3.0355,3.035,3.035,19
12/09/2017,06:17:00,3.035,3.035,3.035,3.035,14
12/09/2017,06:18:00,3.035,3.035,3.0345,3.0345,53
12/09/2017,06:19:00,3.0345,3.0345,3.033,3.0335,44
12/09/2017,06:20:00,3.0335,3.0335,3.0325,3.033,31
12/09/2017,06:21:00,3.0325,3.033,3.032,3.0325,43
12/09/2017,06:22:00,3.032,3.0325,3.0295,3.03,197
12/09/2017,06:23:00,3.03,3.03,3.028,3.028,135
12/09/2017,06:24:00,3.0285,3.0285,3.0265,3.0285,255
12/09/2017,06:25:00,3.0285,3.0295,3.028,3.0285,70
12/09/2017,06:26:00,3.0285,3.029,3.028,3.0285,68
12/09/2017,06:27:00,3.029,3.0295,3.027,3.027,64
12/09/2017,06:28:00,3.027,3.027,3.0235,3.025,282
12/09/2017,06:29:00,3.0255,3.026,3.0235,3.025,210
12/09/2017,06:30:00,3.025,3.026,3.025,3.025,85
12/09/2017,06:31:00,3.025,3.028,3.025,3.027,115
12/09/2017,06:32:00,3.0275,3.0275,3.026,3.0265,65
12/09/2017,06:33:00,3.026,3.0265,3.025,3.026,133
12/09/2017,06:34:00,3.0265,3.0265,3.024,3.0255,294
12/09/2017,06:35:00,3.0255,3.028,3.025,3.028,220
12/09/2017,06:36:00,3.028,3.029,3.027,3.0275,120
12/09/2017,06:37:00,3.0275,3.0275,3.0265,3.027,52
12/09/2017,06:38:00,3.0265,3.0275,3.026,3.027,62
12/09/2017,06:39:00,3.027,3.0275,3.0265,3.0275,25
12/09/2017,06:40:00,3.027,3.029,3.027,3.029,164
12/09/2017,06:41:00,3.0285,3.0295,3.028,3.028,43
12/09/2017,06:42:00,3.0285,3.029,3.0275,3.0285,53
12/09/2017,06:43:00,3.028,3.028,3.0265,3.0265,62
12/09/2017,06:44:00,3.0265,3.028,3.0265,3.028,51
12/09/2017,06:45:00,3.0285,3.0285,3.028,3.028,69
12/09/2017,06:46:00,3.0285,3.03,3.0285,3.03,140
12/09/2017,06:47:00,3.03,3.031,3.0285,3.0285,112
12/09/2017,06:48:00,3.029,3.029,3.0285,3.029,26
12/09/2017,06:49:00,3.029,3.029,3.0285,3.0285,32
12/09/2017,06:50:00,3.029,3.0295,3.0285,3.029,88
12/09/2017,06:51:00,3.029,3.029,3.0275,3.0275,46
12/09/2017,06:52:00,3.0275,3.028,3.027,3.028,78
12/09/2017,06:53:00,3.0275,3.0275,3.027,3.0275,11
12/09/2017,06:54:00,3.0275,3.0275,3.027,3.0275,29
12/09/2017,06:55:00,3.027,3.0275,3.0265,3.0275,61
12/09/2017,06:56:00,3.0275,3.0285,3.0275,3.028,41
12/09/2017,06:57:00,3.028,3.029,3.028,3.029,37
12/09/2017,06:58:00,3.029,3.029,3.0285,3.0285,25
12/09/2017,06:59:00,3.0285,3.029,3.028,3.028,41
12/09/2017,07:00:00,3.028,3.0285,3.028,3.028,74
12/09/2017,07:01:00,3.0285,3.029,3.0275,3.0285,91
12/09/2017,07:02:00,3.029,3.0305,3.029,3.03,98
12/09/2017,07:03:00,3.03,3.03,3.029,3.0295,52
12/09/2017,07:04:00,3.03,3.03,3.0275,3.028,114
12/09/2017,07:05:00,3.028,3.028,3.024,3.024,200
12/09/2017,07:06:00,3.0245,3.0245,3.0235,3.0245,150
12/09/2017,07:07:00,3.024,3.0245,3.0225,3.023,162
12/09/2017,07:08:00,3.0235,3.024,3.0235,3.024,79
12/09/2017,07:09:00,3.024,3.0245,3.0235,3.0235,135
12/09/2017,07:10:00,3.024,3.0245,3.023,3.024,197
12/09/2017,07:11:00,3.024,3.024,3.023,3.0235,94
12/09/2017,07:12:00,3.0235,3.025,3.0225,3.0245,180
12/09/2017,07:13:00,3.024,3.025,3.023,3.0245,127
12/09/2017,07:14:00,3.025,3.0255,3.0245,3.0255,41
12/09/2017,07:15:00,3.025,3.0255,3.022,3.0225,190
12/09/2017,07:16:00,3.022,3.023,3.0205,3.022,288
12/09/2017,07:17:00,3.022,3.0235,3.022,3.023,79
12/09/2017,07:18:00,3.0235,3.0235,3.023,3.0235,26
12/09/2017,07:19:00,3.023,3.025,3.023,3.0245,206
12/09/2017,07:20:00,3.025,3.0265,3.0245,3.025,222
12/09/2017,07:21:00,3.0245,3.0255,3.024,3.024,99
12/09/2017,07:22:00,3.024,3.0245,3.024,3.024,47
12/09/2017,07:23:00,3.0235,3.024,3.023,3.023,75
12/09/2017,07:24:00,3.023,3.024,3.0225,3.0235,70
12/09/2017,07:25:00,3.023,3.0235,3.022,3.0225,79
12/09/2017,07:26:00,3.0225,3.024,3.0205,3.024,372
12/09/2017,07:27:00,3.0235,3.024,3.023,3.023,85
12/09/2017,07:28:00,3.0225,3.0235,3.0215,3.022,88
12/09/2017,07:29:00,3.022,3.0225,3.0205,3.021,112
12/09/2017,07:30:00,3.0205,3.022,3.019,3.0205,570
12/09/2017,07:31:00,3.0205,3.0225,3.0205,3.022,150
12/09/2017,07:32:00,3.0225,3.024,3.022,3.023,153
12/09/2017,07:33:00,3.023,3.024,3.022,3.024,135
12/09/2017,07:34:00,3.024,3.024,3.022,3.0225,131
12/09/2017,07:35:00,3.022,3.0235,3.022,3.0225,122
12/09/2017,07:36:00,3.0225,3.023,3.022,3.023,71
12/09/2017,07:37:00,3.023,3.0245,3.023,3.0245,165
12/09/2017,07:38:00,3.024,3.024,3.0235,3.0235,62
12/09/2017,07:39:00,3.0235,3.0245,3.023,3.024,67
12/09/2017,07:40:00,3.024,3.0255,3.024,3.025,135
12/09/2017,07:41:00,3.025,3.026,3.0245,3.025,110
12/09/2017,07:42:00,3.0255,3.0255,3.024,3.0245,83
12/09/2017,07:43:00,3.025,3.025,3.023,3.024,168
12/09/2017,07:44:00,3.0235,3.024,3.0235,3.0235,15
12/09/2017,07:45:00,3.024,3.025,3.023,3.0245,243
12/09/2017,07:46:00,3.0245,3.0245,3.023,3.0235,157
12/09/2017,07:47:00,3.0225,3.023,3.022,3.0225,73
12/09/2017,07:48:00,3.0225,3.0225,3.0215,3.0215,125
12/09/2017,07:49:00,3.0215,3.0215,3.02,3.0205,232
12/09/2017,07:50:00,3.0205,3.021,3.02,3.021,61
12/09/2017,07:51:00,3.021,3.0215,3.0205,3.0215,82
12/09/2017,07:52:00,3.021,3.0215,3.021,3.0215,74
12/09/2017,07:53:00,3.0215,3.0225,3.021,3.022,125
12/09/2017,07:54:00,3.022,3.0225,3.0215,3.0225,68
12/09/2017,07:55:00,3.023,3.023,3.022,3.0225,104
12/09/2017,07:56:00,3.0225,3.0225,3.022,3.0225,56
12/09/2017,07:57:00,3.022,3.0225,3.021,3.0215,143
12/09/2017,07:58:00,3.0215,3.0215,3.0205,3.021,91
12/09/2017,07:59:00,3.0205,3.0205,3.019,3.0195,165
12/09/2017,08:00:00,3.02,3.0235,3.019,3.0235,1418
12/09/2017,08:01:00,3.024,3.0275,3.023,3.0265,1003
12/09/2017,08:02:00,3.0265,3.0275,3.025,3.0255,387
12/09/2017,08:03:00,3.0255,3.0285,3.025,3.028,543
12/09/2017,08:04:00,3.028,3.0305,3.0275,3.0285,493
12/09/2017,08:05:00,3.028,3.029,3.0275,3.028,310
12/09/2017,08:06:00,3.028,3.028,3.025,3.0255,492
12/09/2017,08:07:00,3.026,3.03,3.026,3.0285,654
12/09/2017,08:08:00,3.0285,3.029,3.026,3.0275,453
12/09/2017,08:09:00,3.0275,3.028,3.0265,3.0275,189
12/09/2017,08:10:00,3.028,3.029,3.028,3.028,191
12/09/2017,08:11:00,3.0275,3.0275,3.0255,3.0255,425
12/09/2017,08:12:00,3.0255,3.027,3.025,3.0265,271
12/09/2017,08:13:00,3.026,3.0305,3.026,3.03,189
12/09/2017,08:14:00,3.03,3.0305,3.029,3.0295,277
12/09/2017,08:15:00,3.0295,3.0305,3.0275,3.028,320
12/09/2017,08:16:00,3.0275,3.0295,3.027,3.0275,208
12/09/2017,08:17:00,3.0275,3.0275,3.026,3.0265,278
12/09/2017,08:18:00,3.0265,3.0285,3.0265,3.0275,267
12/09/2017,08:19:00,3.0275,3.0275,3.025,3.0255,233
12/09/2017,08:20:00,3.025,3.028,3.025,3.0265,274
12/09/2017,08:21:00,3.0265,3.0275,3.026,3.027,179
12/09/2017,08:22:00,3.0265,3.027,3.026,3.0265,88
12/09/2017,08:23:00,3.026,3.0275,3.026,3.0275,113
12/09/2017,08:24:00,3.027,3.029,3.027,3.028,227
12/09/2017,08:25:00,3.0285,3.0285,3.027,3.027,210
12/09/2017,08:26:00,3.027,3.0285,3.027,3.0275,143
12/09/2017,08:27:00,3.0275,3.028,3.0275,3.028,80
12/09/2017,08:28:00,3.0285,3.029,3.027,3.0285,149
12/09/2017,08:29:00,3.028,3.028,3.026,3.0265,156
12/09/2017,08:30:00,3.0265,3.0275,3.0265,3.0275,213
12/09/2017,08:31:00,3.0275,3.028,3.0275,3.0275,64
12/09/2017,08:32:00,3.0275,3.0285,3.027,3.0285,80
12/09/2017,08:33:00,3.029,3.03,3.029,3.029,190
12/09/2017,08:34:00,3.029,3.032,3.029,3.031,455
12/09/2017,08:35:00,3.031,3.0315,3.03,3.0315,468
12/09/2017,08:36:00,3.0315,3.032,3.031,3.032,119
12/09/2017,08:37:00,3.032,3.034,3.0315,3.033,422
12/09/2017,08:38:00,3.033,3.0345,3.031,3.034,496
12/09/2017,08:39:00,3.0335,3.0345,3.0335,3.0345,184
12/09/2017,08:40:00,3.0345,3.038,3.0345,3.037,866
12/09/2017,08:41:00,3.0365,3.038,3.0365,3.037,258
12/09/2017,08:42:00,3.037,3.0395,3.037,3.038,232
12/09/2017,08:43:00,3.038,3.038,3.0355,3.0355,330
12/09/2017,08:44:00,3.036,3.037,3.0355,3.0365,199
12/09/2017,08:45:00,3.037,3.0375,3.036,3.036,90
12/09/2017,08:46:00,3.036,3.037,3.035,3.0365,303
12/09/2017,08:47:00,3.036,3.0365,3.035,3.0355,145
12/09/2017,08:48:00,3.0355,3.036,3.034,3.034,253
12/09/2017,08:49:00,3.034,3.0345,3.033,3.034,171
12/09/2017,08:50:00,3.034,3.035,3.0325,3.0335,89
12/09/2017,08:51:00,3.0335,3.034,3.033,3.034,34
12/09/2017,08:52:00,3.034,3.0345,3.0335,3.034,83
12/09/2017,08:53:00,3.034,3.0345,3.034,3.0345,60
12/09/2017,08:54:00,3.0345,3.0345,3.034,3.034,86
12/09/2017,08:55:00,3.0345,3.0375,3.0345,3.0375,113
12/09/2017,08:56:00,3.037,3.037,3.0345,3.0345,118
12/09/2017,08:57:00,3.0345,3.0355,3.034,3.034,57
12/09/2017,08:58:00,3.034,3.034,3.0325,3.033,114
12/09/2017,08:59:00,3.033,3.0335,3.0325,3.0325,284
12/09/2017,09:00:00,3.0325,3.034,3.0325,3.033,151
12/09/2017,09:01:00,3.0335,3.034,3.033,3.034,73
12/09/2017,09:02:00,3.034,3.0355,3.034,3.0345,161
12/09/2017,09:03:00,3.0345,3.035,3.0345,3.035,57
12/09/2017,09:04:00,3.0345,3.0355,3.0345,3.0355,51
12/09/2017,09:05:00,3.036,3.0375,3.036,3.037,81
12/09/2017,09:06:00,3.0365,3.037,3.036,3.0365,165
12/09/2017,09:07:00,3.037,3.0375,3.0365,3.0375,76
12/09/2017,09:08:00,3.038,3.04,3.0375,3.039,290
12/09/2017,09:09:00,3.0395,3.04,3.039,3.0395,179
12/09/2017,09:10:00,3.039,3.039,3.037,3.0375,341
12/09/2017,09:11:00,3.0375,3.038,3.0365,3.0365,103
12/09/2017,09:12:00,3.0365,3.0365,3.0355,3.036,147
12/09/2017,09:13:00,3.036,3.036,3.0345,3.0345,191
12/09/2017,09:14:00,3.035,3.0355,3.035,3.035,75
12/09/2017,09:15:00,3.035,3.036,3.035,3.0355,193
12/09/2017,09:16:00,3.0355,3.0365,3.0345,3.0345,179
12/09/2017,09:17:00,3.0345,3.0345,3.033,3.0335,342
12/09/2017,09:18:00,3.0335,3.0335,3.0325,3.033,121
12/09/2017,09:19:00,3.0335,3.0345,3.033,3.0345,84
12/09/2017,09:20:00,3.0345,3.035,3.034,3.0345,115
12/09/2017,09:21:00,3.0345,3.0355,3.034,3.034,133
12/09/2017,09:22:00,3.034,3.034,3.033,3.033,156
12/09/2017,09:23:00,3.0325,3.033,3.03,3.0325,547
12/09/2017,09:24:00,3.032,3.032,3.03,3.0305,216
12/09/2017,09:25:00,3.031,3.0325,3.03,3.032,106
12/09/2017,09:26:00,3.032,3.032,3.0275,3.028,484
12/09/2017,09:27:00,3.0275,3.029,3.0275,3.029,189
12/09/2017,09:28:00,3.0285,3.03,3.0285,3.03,192
12/09/2017,09:29:00,3.03,3.0305,3.029,3.029,174
12/09/2017,09:30:00,3.029,3.03,3.029,3.0295,141
12/09/2017,09:31:00,3.0295,3.0305,3.0295,3.0305,98
12/09/2017,09:32:00,3.03,3.0305,3.0295,3.03,92
12/09/2017,09:33:00,3.03,3.032,3.03,3.0315,267
12/09/2017,09:34:00,3.031,3.031,3.0295,3.0295,200
12/09/2017,09:35:00,3.0295,3.0305,3.0295,3.0295,81
12/09/2017,09:36:00,3.029,3.0295,3.027,3.0275,174
12/09/2017,09:37:00,3.0275,3.029,3.0275,3.0285,114
12/09/2017,09:38:00,3.0285,3.029,3.028,3.0285,150
12/09/2017,09:39:00,3.0285,3.0285,3.027,3.027,166
12/09/2017,09:40:00,3.0275,3.028,3.027,3.0275,139
12/09/2017,09:41:00,3.028,3.0295,3.028,3.0295,220
12/09/2017,09:42:00,3.029,3.029,3.028,3.028,46
12/09/2017,09:43:00,3.028,3.03,3.0275,3.0295,271
12/09/2017,09:44:00,3.03,3.0305,3.0295,3.03,149
12/09/2017,09:45:00,3.03,3.03,3.0285,3.0285,48
12/09/2017,09:46:00,3.0285,3.03,3.0285,3.0295,84
12/09/2017,09:47:00,3.029,3.0295,3.029,3.0295,135
12/09/2017,09:48:00,3.029,3.029,3.0285,3.0285,68
12/09/2017,09:49:00,3.029,3.03,3.029,3.029,49
12/09/2017,09:50:00,3.0295,3.03,3.0295,3.0295,63
12/09/2017,09:51:00,3.0295,3.03,3.0295,3.0295,78
12/09/2017,09:52:00,3.0295,3.03,3.0295,3.03,37
12/09/2017,09:53:00,3.03,3.03,3.029,3.0295,50
12/09/2017,09:54:00,3.0295,3.03,3.0255,3.027,537
12/09/2017,09:55:00,3.0265,3.0275,3.0245,3.0255,292
12/09/2017,09:56:00,3.0255,3.0265,3.0255,3.0255,157
12/09/2017,09:57:00,3.0255,3.0265,3.025,3.026,182
12/09/2017,09:58:00,3.026,3.0265,3.0255,3.026,126
12/09/2017,09:59:00,3.026,3.026,3.0255,3.0255,80
12/09/2017,10:00:00,3.0255,3.0265,3.0255,3.0255,107
12/09/2017,10:01:00,3.025,3.025,3.0235,3.025,246
12/09/2017,10:02:00,3.025,3.0255,3.0235,3.0245,116
12/09/2017,10:03:00,3.025,3.027,3.025,3.0265,126
12/09/2017,10:04:00,3.0265,3.0275,3.0265,3.027,92
12/09/2017,10:05:00,3.0265,3.029,3.0265,3.029,168
12/09/2017,10:06:00,3.0285,3.0295,3.0285,3.0295,123
12/09/2017,10:07:00,3.0295,3.031,3.0295,3.0305,490
12/09/2017,10:08:00,3.031,3.0355,3.031,3.035,600
12/09/2017,10:09:00,3.035,3.0375,3.035,3.0375,405
12/09/2017,10:10:00,3.038,3.0385,3.037,3.0375,194
12/09/2017,10:11:00,3.038,3.038,3.036,3.036,265
12/09/2017,10:12:00,3.036,3.037,3.035,3.037,233
12/09/2017,10:13:00,3.037,3.037,3.036,3.036,83
12/09/2017,10:14:00,3.0355,3.036,3.035,3.035,99
12/09/2017,10:15:00,3.0355,3.0355,3.0345,3.0355,130
12/09/2017,10:16:00,3.035,3.0355,3.034,3.034,199
12/09/2017,10:17:00,3.034,3.0345,3.0325,3.0325,51
12/09/2017,10:18:00,3.033,3.0335,3.0325,3.0335,61
12/09/2017,10:19:00,3.033,3.0335,3.033,3.033,32
12/09/2017,10:20:00,3.0335,3.0335,3.032,3.032,118
12/09/2017,10:21:00,3.032,3.032,3.032,3.032,64
12/09/2017,10:22:00,3.032,3.034,3.032,3.034,61
12/09/2017,10:23:00,3.0335,3.034,3.033,3.0335,177
12/09/2017,10:24:00,3.0335,3.034,3.0335,3.034,63
12/09/2017,10:25:00,3.034,3.037,3.034,3.0365,296
12/09/2017,10:26:00,3.0365,3.038,3.0365,3.0375,99
12/09/2017,10:27:00,3.0375,3.038,3.037,3.038,145
12/09/2017,10:28:00,3.0375,3.0375,3.036,3.036,39
12/09/2017,10:29:00,3.0365,3.0365,3.0355,3.0365,89
12/09/2017,10:30:00,3.036,3.036,3.0335,3.0335,128
12/09/2017,10:31:00,3.0335,3.0345,3.0335,3.0335,127
12/09/2017,10:32:00,3.0335,3.0345,3.0335,3.0345,29
12/09/2017,10:33:00,3.0345,3.0345,3.034,3.0345,40
12/09/2017,10:34:00,3.035,3.037,3.035,3.037,84
12/09/2017,10:35:00,3.0365,3.0365,3.035,3.0355,40
12/09/2017,10:36:00,3.035,3.0355,3.034,3.0345,85
12/09/2017,10:37:00,3.0345,3.0345,3.034,3.034,46
12/09/2017,10:38:00,3.034,3.0345,3.034,3.034,8
12/09/2017,10:39:00,3.0345,3.036,3.0345,3.035,164
12/09/2017,10:40:00,3.035,3.0355,3.035,3.035,72
12/09/2017,10:41:00,3.035,3.0355,3.035,3.035,28
12/09/2017,10:42:00,3.035,3.0355,3.0345,3.0345,91
12/09/2017,10:43:00,3.0345,3.036,3.0345,3.0355,96
12/09/2017,10:44:00,3.0355,3.0365,3.035,3.0365,112
12/09/2017,10:45:00,3.037,3.037,3.036,3.036,61
12/09/2017,10:46:00,3.0365,3.0365,3.035,3.035,31
12/09/2017,10:47:00,3.035,3.0355,3.035,3.0355,24
12/09/2017,10:48:00,3.035,3.035,3.0345,3.0345,41
12/09/2017,10:49:00,3.0345,3.0345,3.034,3.0345,34
12/09/2017,10:50:00,3.0345,3.0345,3.034,3.0345,14
12/09/2017,10:51:00,3.0345,3.0345,3.034,3.0345,36
12/09/2017,10:52:00,3.0345,3.036,3.0345,3.036,77
12/09/2017,10:53:00,3.036,3.036,3.035,3.036,85
12/09/2017,10:54:00,3.0365,3.0385,3.0365,3.0365,222
12/09/2017,10:55:00,3.036,3.037,3.0355,3.036,392
12/09/2017,10:56:00,3.0365,3.0365,3.035,3.0355,239
12/09/2017,10:57:00,3.036,3.036,3.0345,3.0345,86
12/09/2017,10:58:00,3.0345,3.035,3.0335,3.0345,107
12/09/2017,10:59:00,3.0345,3.0345,3.034,3.034,75
12/09/2017,11:00:00,3.0345,3.0345,3.034,3.0345,82
12/09/2017,11:01:00,3.035,3.0355,3.0345,3.0345,248
12/09/2017,11:02:00,3.0345,3.0355,3.0345,3.035,83
12/09/2017,11:03:00,3.035,3.035,3.0345,3.0345,82
12/09/2017,11:04:00,3.035,3.035,3.035,3.035,33
12/09/2017,11:05:00,3.035,3.035,3.0345,3.035,11
12/09/2017,11:06:00,3.035,3.035,3.035,3.035,29
12/09/2017,11:07:00,3.035,3.035,3.0345,3.0345,80
12/09/2017,11:08:00,3.0345,3.0345,3.034,3.034,92
12/09/2017,11:09:00,3.034,3.0345,3.0325,3.033,197
12/09/2017,11:10:00,3.0325,3.034,3.032,3.0335,245
12/09/2017,11:11:00,3.034,3.034,3.033,3.0335,87
12/09/2017,11:12:00,3.0335,3.034,3.0335,3.034,19
12/09/2017,11:13:00,3.0335,3.0335,3.033,3.0335,21
12/09/2017,11:14:00,3.0335,3.0345,3.033,3.0335,58
12/09/2017,11:15:00,3.0335,3.034,3.0335,3.034,49
12/09/2017,11:16:00,3.0345,3.0355,3.034,3.0355,197
12/09/2017,11:17:00,3.0355,3.0355,3.035,3.035,30
12/09/2017,11:18:00,3.035,3.0355,3.0345,3.0345,163
12/09/2017,11:19:00,3.0345,3.0345,3.0345,3.0345,3
12/09/2017,11:20:00,3.035,3.0355,3.0345,3.035,94
12/09/2017,11:21:00,3.0355,3.036,3.0355,3.0355,30
12/09/2017,11:22:00,3.0355,3.0355,3.0355,3.0355,18
12/09/2017,11:23:00,3.035,3.0355,3.035,3.035,9
12/09/2017,11:25:00,3.0355,3.0355,3.035,3.035,38
12/09/2017,11:26:00,3.0345,3.0345,3.034,3.034,31
12/09/2017,11:27:00,3.034,3.034,3.034,3.034,32
12/09/2017,11:28:00,3.034,3.034,3.0335,3.034,53
12/09/2017,11:29:00,3.034,3.0345,3.034,3.0345,59
12/09/2017,11:30:00,3.035,3.035,3.0345,3.035,51
12/09/2017,11:31:00,3.035,3.036,3.035,3.036,20
12/09/2017,11:32:00,3.0355,3.036,3.0355,3.036,80
12/09/2017,11:33:00,3.0365,3.0365,3.0355,3.0355,49
12/09/2017,11:34:00,3.0355,3.0355,3.035,3.0355,21
12/09/2017,11:35:00,3.0355,3.036,3.0355,3.036,37
12/09/2017,11:36:00,3.0355,3.036,3.035,3.035,165
12/09/2017,11:37:00,3.035,3.0355,3.035,3.035,31
12/09/2017,11:38:00,3.0355,3.036,3.0355,3.036,33
12/09/2017,11:39:00,3.0355,3.0355,3.0355,3.0355,20
12/09/2017,11:40:00,3.036,3.0365,3.036,3.036,45
12/09/2017,11:41:00,3.0365,3.0375,3.0365,3.037,102
12/09/2017,11:42:00,3.037,3.037,3.0365,3.0365,56
12/09/2017,11:43:00,3.037,3.037,3.0365,3.0365,86
12/09/2017,11:44:00,3.037,3.037,3.0365,3.0365,38
12/09/2017,11:45:00,3.0365,3.0365,3.036,3.036,48
12/09/2017,11:46:00,3.0365,3.0365,3.036,3.036,28
12/09/2017,11:47:00,3.036,3.0365,3.036,3.0365,148
12/09/2017,11:48:00,3.0365,3.0365,3.036,3.036,7
12/09/2017,11:49:00,3.036,3.036,3.0355,3.0355,71
12/09/2017,11:50:00,3.036,3.036,3.035,3.035,101
12/09/2017,11:51:00,3.035,3.0355,3.035,3.035,57
12/09/2017,11:52:00,3.035,3.0355,3.035,3.0355,100
12/09/2017,11:53:00,3.035,3.0355,3.035,3.035,103
12/09/2017,11:54:00,3.035,3.0355,3.035,3.035,52
12/09/2017,11:55:00,3.035,3.0355,3.0335,3.0335,143
12/09/2017,11:56:00,3.0335,3.034,3.0335,3.034,17
12/09/2017,11:57:00,3.034,3.035,3.034,3.035,178
12/09/2017,11:58:00,3.035,3.036,3.035,3.035,225
12/09/2017,11:59:00,3.035,3.037,3.035,3.036,666
12/09/2017,12:00:00,3.0355,3.037,3.0355,3.0365,188
12/09/2017,12:01:00,3.0365,3.037,3.0365,3.037,120
12/09/2017,12:02:00,3.037,3.0375,3.037,3.037,55
12/09/2017,12:03:00,3.037,3.0375,3.0365,3.037,27
12/09/2017,12:04:00,3.037,3.0375,3.037,3.0375,52
12/09/2017,12:05:00,3.0375,3.0375,3.037,3.037,31
12/09/2017,12:06:00,3.037,3.0375,3.037,3.037,9
12/09/2017,12:07:00,3.0375,3.0375,3.037,3.037,3
12/09/2017,12:08:00,3.037,3.037,3.0365,3.0365,48
12/09/2017,12:09:00,3.0365,3.037,3.0365,3.037,17
12/09/2017,12:10:00,3.0365,3.0365,3.036,3.036,44
12/09/2017,12:11:00,3.036,3.036,3.036,3.036,47
12/09/2017,12:12:00,3.0355,3.0355,3.035,3.035,39
12/09/2017,12:13:00,3.0355,3.0355,3.035,3.035,15
12/09/2017,12:14:00,3.0345,3.0355,3.0345,3.035,102
12/09/2017,12:15:00,3.0355,3.0355,3.035,3.035,24
12/09/2017,12:16:00,3.0355,3.036,3.0355,3.0355,33
12/09/2017,12:17:00,3.0355,3.0355,3.0355,3.0355,5
12/09/2017,12:18:00,3.0355,3.0355,3.035,3.035,11
12/09/2017,12:19:00,3.0355,3.036,3.0355,3.0355,26
12/09/2017,12:21:00,3.0355,3.0355,3.0355,3.0355,1
12/09/2017,12:22:00,3.0355,3.0355,3.0355,3.0355,6
12/09/2017,12:23:00,3.035,3.035,3.035,3.035,1
12/09/2017,12:24:00,3.035,3.035,3.035,3.035,13
12/09/2017,12:25:00,3.035,3.0355,3.0345,3.0355,30
12/09/2017,12:26:00,3.035,3.0355,3.035,3.0355,18
12/09/2017,12:27:00,3.036,3.036,3.0355,3.0355,2
12/09/2017,12:28:00,3.0355,3.0355,3.0355,3.0355,1
12/09/2017,12:29:00,3.036,3.0365,3.036,3.036,97
12/09/2017,12:30:00,3.036,3.036,3.0355,3.036,27
12/09/2017,12:31:00,3.036,3.036,3.035,3.035,32
12/09/2017,12:32:00,3.035,3.036,3.035,3.035,61
12/09/2017,12:33:00,3.035,3.035,3.0345,3.035,58
12/09/2017,12:34:00,3.035,3.035,3.0345,3.035,53
12/09/2017,12:35:00,3.035,3.035,3.0345,3.0345,40
12/09/2017,12:36:00,3.035,3.0355,3.035,3.035,50
12/09/2017,12:37:00,3.035,3.035,3.035,3.035,5
12/09/2017,12:38:00,3.035,3.0355,3.035,3.035,30
12/09/2017,12:39:00,3.035,3.035,3.0345,3.0345,42
12/09/2017,12:41:00,3.035,3.035,3.0345,3.035,14
12/09/2017,12:42:00,3.0345,3.035,3.0345,3.035,10
12/09/2017,12:43:00,3.035,3.0355,3.035,3.035,21
12/09/2017,12:44:00,3.035,3.035,3.0345,3.0345,14
12/09/2017,12:45:00,3.0345,3.0345,3.0345,3.0345,17
12/09/2017,12:46:00,3.035,3.035,3.035,3.035,12
12/09/2017,12:47:00,3.035,3.035,3.035,3.035,12
12/09/2017,12:48:00,3.0355,3.0355,3.0345,3.035,18
12/09/2017,12:49:00,3.0355,3.0355,3.035,3.035,19
12/09/2017,12:50:00,3.035,3.035,3.035,3.035,24
12/09/2017,12:51:00,3.0355,3.0355,3.035,3.035,5
12/09/2017,12:52:00,3.035,3.035,3.035,3.035,10
12/09/2017,12:53:00,3.035,3.035,3.035,3.035,3
12/09/2017,12:54:00,3.035,3.0355,3.035,3.0355,20
12/09/2017,12:55:00,3.0355,3.0355,3.0355,3.0355,22
12/09/2017,12:56:00,3.0355,3.0355,3.0355,3.0355,13
12/09/2017,12:57:00,3.0355,3.0355,3.0355,3.0355,7
12/09/2017,12:58:00,3.036,3.037,3.036,3.0365,82
12/09/2017,12:59:00,3.036,3.036,3.035,3.0355,21
12/09/2017,13:00:00,3.036,3.036,3.0355,3.036,6
12/09/2017,13:01:00,3.036,3.036,3.0355,3.0355,11
12/09/2017,13:02:00,3.036,3.036,3.036,3.036,1
12/09/2017,13:04:00,3.036,3.036,3.036,3.036,1
12/09/2017,13:05:00,3.036,3.036,3.0355,3.0355,3
12/09/2017,13:06:00,3.0355,3.0355,3.035,3.0355,11
12/09/2017,13:07:00,3.036,3.036,3.0355,3.0355,4
12/09/2017,13:08:00,3.0355,3.0355,3.0355,3.0355,1
12/09/2017,13:09:00,3.036,3.036,3.036,3.036,9
12/09/2017,13:10:00,3.036,3.0365,3.036,3.0365,5
12/09/2017,13:11:00,3.036,3.036,3.036,3.036,2
12/09/2017,13:12:00,3.036,3.036,3.0355,3.0355,9
12/09/2017,13:13:00,3.036,3.037,3.036,3.0365,30
12/09/2017,13:14:00,3.037,3.037,3.037,3.037,2
12/09/2017,13:16:00,3.037,3.037,3.037,3.037,8
12/09/2017,13:17:00,3.0365,3.037,3.0365,3.037,10
12/09/2017,13:18:00,3.0375,3.038,3.0375,3.0375,32
12/09/2017,13:19:00,3.0375,3.0375,3.0375,3.0375,1
12/09/2017,13:20:00,3.0375,3.0375,3.0375,3.0375,5
12/09/2017,13:21:00,3.0375,3.0375,3.037,3.0375,13
12/09/2017,13:22:00,3.037,3.037,3.0365,3.037,37
12/09/2017,13:23:00,3.037,3.0375,3.037,3.037,15
12/09/2017,13:24:00,3.0375,3.0375,3.0375,3.0375,1
12/09/2017,13:25:00,3.037,3.037,3.037,3.037,12
12/09/2017,13:26:00,3.0375,3.0375,3.0375,3.0375,2
12/09/2017,13:27:00,3.0375,3.0375,3.0375,3.0375,2
12/09/2017,13:28:00,3.037,3.037,3.037,3.037,1
12/09/2017,13:29:00,3.0375,3.0375,3.037,3.037,2
12/09/2017,13:31:00,3.037,3.037,3.037,3.037,1
12/09/2017,13:32:00,3.037,3.037,3.037,3.037,2
12/09/2017,13:34:00,3.037,3.037,3.037,3.037,3
12/09/2017,13:35:00,3.0375,3.0375,3.0375,3.0375,6
12/09/2017,13:36:00,3.0375,3.0375,3.037,3.037,14
12/09/2017,13:38:00,3.037,3.037,3.037,3.037,1
12/09/2017,13:39:00,3.0375,3.0375,3.037,3.037,3
12/09/2017,13:42:00,3.037,3.037,3.037,3.037,5
12/09/2017,13:43:00,3.037,3.037,3.0365,3.0365,3
12/09/2017,13:44:00,3.0365,3.0365,3.0365,3.0365,3
12/09/2017,13:45:00,3.0365,3.0365,3.0365,3.0365,2
12/09/2017,13:46:00,3.0365,3.0365,3.0365,3.0365,2
12/09/2017,13:47:00,3.0365,3.0365,3.0365,3.0365,2
12/09/2017,13:48:00,3.037,3.037,3.037,3.037,2
12/09/2017,13:49:00,3.037,3.037,3.037,3.037,1
12/09/2017,13:50:00,3.0365,3.037,3.0365,3.037,2
12/09/2017,13:51:00,3.0365,3.0365,3.036,3.036,10
12/09/2017,13:52:00,3.036,3.0365,3.036,3.0365,13
12/09/2017,13:54:00,3.036,3.036,3.036,3.036,2
12/09/2017,13:55:00,3.0365,3.0365,3.036,3.036,5
12/09/2017,13:56:00,3.036,3.0365,3.036,3.0365,33
12/09/2017,13:57:00,3.037,3.037,3.037,3.037,2
12/09/2017,14:00:00,3.037,3.038,3.037,3.038,82
12/09/2017,14:01:00,3.0375,3.0375,3.0375,3.0375,1
12/09/2017,14:02:00,3.0375,3.0375,3.0375,3.0375,1
12/09/2017,14:03:00,3.0375,3.0375,3.037,3.037,14
12/09/2017,14:05:00,3.0375,3.0375,3.037,3.037,12
12/09/2017,14:06:00,3.0375,3.0375,3.0375,3.0375,1
12/09/2017,14:07:00,3.037,3.037,3.037,3.037,1
12/09/2017,14:08:00,3.037,3.037,3.037,3.037,1
12/09/2017,14:09:00,3.0375,3.038,3.0375,3.038,22
12/09/2017,14:10:00,3.0375,3.0375,3.037,3.037,16
12/09/2017,14:11:00,3.0375,3.0375,3.0375,3.0375,5
12/09/2017,14:12:00,3.037,3.037,3.037,3.037,15
12/09/2017,14:15:00,3.037,3.0375,3.037,3.0375,2
12/09/2017,14:16:00,3.0375,3.0375,3.0375,3.0375,2
12/09/2017,14:18:00,3.0375,3.0375,3.0375,3.0375,1
12/09/2017,14:19:00,3.0375,3.0375,3.0375,3.0375,1
12/09/2017,14:20:00,3.037,3.037,3.037,3.037,3
12/09/2017,14:21:00,3.037,3.037,3.037,3.037,27
12/09/2017,14:22:00,3.037,3.037,3.037,3.037,7
12/09/2017,14:23:00,3.037,3.037,3.037,3.037,11
12/09/2017,14:24:00,3.037,3.0375,3.037,3.037,4
12/09/2017,14:25:00,3.037,3.0375,3.037,3.0375,18
12/09/2017,14:26:00,3.037,3.0375,3.037,3.0375,56
12/09/2017,14:27:00,3.0375,3.038,3.0375,3.038,10
12/09/2017,14:29:00,3.038,3.038,3.038,3.038,18
12/09/2017,14:30:00,3.038,3.038,3.038,3.038,14
12/09/2017,14:31:00,3.0385,3.0385,3.0385,3.0385,2
12/09/2017,14:32:00,3.038,3.038,3.038,3.038,5
12/09/2017,14:33:00,3.0375,3.0375,3.0375,3.0375,1
12/09/2017,14:36:00,3.0375,3.0375,3.0375,3.0375,9
12/09/2017,14:37:00,3.0375,3.038,3.0375,3.038,6
12/09/2017,14:38:00,3.0375,3.0375,3.0375,3.0375,1
12/09/2017,14:39:00,3.0375,3.0375,3.0375,3.0375,1
12/09/2017,14:40:00,3.038,3.038,3.0375,3.0375,3
12/09/2017,14:41:00,3.0375,3.0375,3.0375,3.0375,1
12/09/2017,14:43:00,3.0375,3.0375,3.0375,3.0375,2
12/09/2017,14:44:00,3.0375,3.038,3.0375,3.038,6
12/09/2017,14:45:00,3.038,3.038,3.038,3.038,6
12/09/2017,14:46:00,3.0375,3.038,3.0375,3.0375,4
12/09/2017,14:47:00,3.0375,3.0375,3.0375,3.0375,2
12/09/2017,14:48:00,3.038,3.038,3.038,3.038,2
12/09/2017,14:49:00,3.038,3.038,3.038,3.038,1
12/09/2017,14:51:00,3.0375,3.038,3.0375,3.038,15
12/09/2017,14:52:00,3.0375,3.0385,3.0375,3.0385,10
12/09/2017,14:53:00,3.038,3.038,3.038,3.038,1
12/09/2017,14:54:00,3.0375,3.0375,3.0375,3.0375,9
12/09/2017,14:55:00,3.038,3.038,3.038,3.038,1
12/09/2017,14:56:00,3.038,3.038,3.038,3.038,14
12/09/2017,14:57:00,3.038,3.0385,3.038,3.0385,19
12/09/2017,14:58:00,3.038,3.0385,3.0375,3.038,20
12/09/2017,14:59:00,3.038,3.039,3.038,3.038,22
12/09/2017,15:00:00,3.0385,3.039,3.0385,3.039,22
12/09/2017,15:01:00,3.039,3.039,3.039,3.039,14
12/09/2017,15:02:00,3.039,3.039,3.039,3.039,2
12/09/2017,15:03:00,3.039,3.039,3.039,3.039,4
12/09/2017,15:05:00,3.039,3.039,3.039,3.039,1
12/09/2017,15:07:00,3.0385,3.0385,3.0385,3.0385,1
12/09/2017,15:08:00,3.0385,3.0385,3.0385,3.0385,1
12/09/2017,15:09:00,3.039,3.039,3.0385,3.0385,5
12/09/2017,15:10:00,3.0385,3.0385,3.0385,3.0385,5
12/09/2017,15:12:00,3.038,3.038,3.038,3.038,4
12/09/2017,15:13:00,3.038,3.038,3.038,3.038,1
12/09/2017,15:14:00,3.038,3.0385,3.038,3.0385,3
12/09/2017,15:15:00,3.0385,3.0385,3.038,3.038,3
12/09/2017,15:17:00,3.0385,3.039,3.0385,3.0385,8
12/09/2017,15:19:00,3.0385,3.0385,3.0385,3.0385,2
12/09/2017,15:20:00,3.0385,3.0385,3.0385,3.0385,2
12/09/2017,15:21:00,3.0385,3.0385,3.0385,3.0385,3
12/09/2017,15:23:00,3.0385,3.0385,3.0385,3.0385,1
12/09/2017,15:24:00,3.038,3.038,3.038,3.038,2
12/09/2017,15:25:00,3.038,3.0385,3.038,3.038,4
12/09/2017,15:26:00,3.038,3.038,3.038,3.038,1
12/09/2017,15:27:00,3.0385,3.0385,3.0385,3.0385,7
12/09/2017,15:28:00,3.0385,3.0385,3.038,3.0385,4
12/09/2017,15:29:00,3.038,3.0385,3.038,3.0385,3
12/09/2017,15:30:00,3.0385,3.0385,3.038,3.0385,10
12/09/2017,15:31:00,3.0385,3.0385,3.038,3.038,7
12/09/2017,15:32:00,3.0385,3.0385,3.038,3.0385,10
12/09/2017,15:33:00,3.0385,3.0385,3.0385,3.0385,2
12/09/2017,15:34:00,3.038,3.0385,3.038,3.0385,3
12/09/2017,15:35:00,3.0385,3.0385,3.0385,3.0385,11
12/09/2017,15:37:00,3.038,3.038,3.038,3.038,2
12/09/2017,15:38:00,3.038,3.038,3.038,3.038,2
12/09/2017,15:40:00,3.038,3.0385,3.038,3.0385,3
12/09/2017,15:42:00,3.0385,3.0385,3.0385,3.0385,8
12/09/2017,15:43:00,3.039,3.039,3.0385,3.0385,5
12/09/2017,15:44:00,3.0385,3.0385,3.0385,3.0385,2
12/09/2017,15:45:00,3.039,3.039,3.0385,3.0385,21
12/09/2017,15:46:00,3.039,3.039,3.039,3.039,1
12/09/2017,15:47:00,3.0385,3.0385,3.0385,3.0385,1
12/09/2017,15:49:00,3.039,3.039,3.0385,3.0385,14
12/09/2017,15:50:00,3.0385,3.04,3.0385,3.039,110
12/09/2017,15:51:00,3.0395,3.04,3.0395,3.04,216
12/09/2017,15:52:00,3.0395,3.04,3.039,3.04,8
12/09/2017,15:54:00,3.04,3.04,3.0395,3.0395,13
12/09/2017,15:55:00,3.0395,3.04,3.039,3.039,23
12/09/2017,15:56:00,3.039,3.039,3.039,3.039,1
12/09/2017,15:57:00,3.039,3.039,3.039,3.039,5
12/09/2017,15:58:00,3.039,3.0395,3.039,3.039,8
12/09/2017,15:59:00,3.0395,3.0395,3.039,3.0395,5
12/09/2017,17:00:00,3.041,3.041,3.039,3.0395,104
12/09/2017,17:01:00,3.04,3.0405,3.0395,3.0395,26
12/09/2017,17:02:00,3.0395,3.0395,3.0395,3.0395,3
12/09/2017,17:03:00,3.0395,3.04,3.039,3.039,16
12/09/2017,17:04:00,3.039,3.039,3.039,3.039,12
12/09/2017,17:05:00,3.0395,3.04,3.0395,3.0395,10
12/09/2017,17:06:00,3.04,3.04,3.0395,3.0395,2
12/09/2017,17:07:00,3.0395,3.04,3.0395,3.04,3
12/09/2017,17:08:00,3.04,3.04,3.0395,3.04,7
12/09/2017,17:09:00,3.04,3.04,3.0395,3.0395,3
12/09/2017,17:11:00,3.04,3.04,3.0395,3.0395,8
12/09/2017,17:12:00,3.04,3.04,3.04,3.04,6
12/09/2017,17:13:00,3.04,3.0405,3.04,3.0405,17
12/09/2017,17:14:00,3.041,3.041,3.041,3.041,18
12/09/2017,17:15:00,3.041,3.041,3.041,3.041,17
12/09/2017,17:16:00,3.041,3.0415,3.0405,3.0405,25
12/09/2017,17:17:00,3.0405,3.0425,3.0405,3.042,38
12/09/2017,17:18:00,3.0425,3.0425,3.0425,3.0425,7
12/09/2017,17:19:00,3.0425,3.0425,3.0425,3.0425,5
12/09/2017,17:20:00,3.0425,3.0425,3.0425,3.0425,4
12/09/2017,17:21:00,3.0425,3.0425,3.0425,3.0425,2
12/09/2017,17:22:00,3.0425,3.0425,3.0425,3.0425,2
12/09/2017,17:23:00,3.042,3.042,3.042,3.042,1
12/09/2017,17:24:00,3.042,3.042,3.041,3.041,15
12/09/2017,17:25:00,3.041,3.041,3.041,3.041,3
12/09/2017,17:26:00,3.041,3.041,3.041,3.041,3
12/09/2017,17:27:00,3.0415,3.0415,3.041,3.041,6
12/09/2017,17:29:00,3.041,3.0415,3.041,3.0415,2
12/09/2017,17:30:00,3.041,3.0415,3.041,3.041,28
12/09/2017,17:32:00,3.0415,3.0415,3.0415,3.0415,6
12/09/2017,17:33:00,3.042,3.042,3.042,3.042,1
12/09/2017,17:34:00,3.0415,3.0415,3.0415,3.0415,2
12/09/2017,17:35:00,3.0415,3.042,3.0415,3.042,3
12/09/2017,17:36:00,3.042,3.042,3.0415,3.0415,4
12/09/2017,17:37:00,3.042,3.042,3.0415,3.0415,2
12/09/2017,17:38:00,3.0415,3.0415,3.0415,3.0415,4
12/09/2017,17:39:00,3.0415,3.0415,3.0415,3.0415,2
12/09/2017,17:40:00,3.0415,3.0415,3.0405,3.0405,16
12/09/2017,17:41:00,3.041,3.041,3.041,3.041,5
12/09/2017,17:42:00,3.0405,3.0415,3.0405,3.0415,9
12/09/2017,17:43:00,3.0415,3.0415,3.0415,3.0415,7
12/09/2017,17:45:00,3.041,3.041,3.041,3.041,13
12/09/2017,17:46:00,3.0415,3.042,3.0415,3.042,7
12/09/2017,17:48:00,3.0415,3.0415,3.0415,3.0415,1
12/09/2017,17:49:00,3.0415,3.0415,3.0415,3.0415,1
12/09/2017,17:50:00,3.0415,3.0415,3.0415,3.0415,1
12/09/2017,17:51:00,3.0415,3.0415,3.0415,3.0415,1
12/09/2017,17:52:00,3.0415,3.042,3.0415,3.042,3
12/09/2017,17:53:00,3.042,3.042,3.0415,3.0415,4
12/09/2017,17:54:00,3.042,3.042,3.0415,3.0415,2
12/09/2017,17:56:00,3.042,3.042,3.042,3.042,7
12/09/2017,17:57:00,3.042,3.042,3.0415,3.0415,12
12/09/2017,17:58:00,3.0415,3.0415,3.041,3.041,2
12/09/2017,17:59:00,3.041,3.0415,3.041,3.0415,18
12/09/2017,18:00:00,3.0415,3.0415,3.0415,3.0415,2
12/09/2017,18:01:00,3.042,3.042,3.042,3.042,12
12/09/2017,18:02:00,3.0415,3.0415,3.0415,3.0415,1
12/09/2017,18:03:00,3.0415,3.0415,3.0415,3.0415,1
12/09/2017,18:05:00,3.042,3.042,3.042,3.042,1
12/09/2017,18:06:00,3.0415,3.042,3.0415,3.0415,6
12/09/2017,18:08:00,3.0415,3.0415,3.0415,3.0415,2
12/09/2017,18:09:00,3.042,3.042,3.0415,3.0415,2
12/09/2017,18:10:00,3.0415,3.042,3.0415,3.042,2
12/09/2017,18:11:00,3.042,3.042,3.042,3.042,1
12/09/2017,18:12:00,3.042,3.042,3.0415,3.0415,10
12/09/2017,18:13:00,3.041,3.0415,3.041,3.0415,2
12/09/2017,18:14:00,3.041,3.0415,3.041,3.0415,4
12/09/2017,18:16:00,3.041,3.041,3.041,3.041,11
12/09/2017,18:17:00,3.041,3.041,3.041,3.041,3
12/09/2017,18:18:00,3.041,3.041,3.041,3.041,1
12/09/2017,18:19:00,3.041,3.0415,3.041,3.0415,5
12/09/2017,18:20:00,3.041,3.041,3.0405,3.0405,7
12/09/2017,18:21:00,3.0405,3.041,3.0405,3.041,3
12/09/2017,18:23:00,3.0405,3.0405,3.0405,3.0405,4
12/09/2017,18:24:00,3.041,3.041,3.0405,3.0405,2
12/09/2017,18:26:00,3.0405,3.0405,3.0405,3.0405,2
12/09/2017,18:27:00,3.041,3.041,3.041,3.041,1
12/09/2017,18:28:00,3.0405,3.0405,3.0405,3.0405,12
12/09/2017,18:29:00,3.0405,3.0405,3.0405,3.0405,1
12/09/2017,18:30:00,3.0405,3.0405,3.0405,3.0405,2
12/09/2017,18:31:00,3.041,3.041,3.041,3.041,2
12/09/2017,18:32:00,3.041,3.041,3.041,3.041,2
12/09/2017,18:33:00,3.0405,3.0405,3.0405,3.0405,8
12/09/2017,18:34:00,3.04,3.0405,3.04,3.0405,3
12/09/2017,18:35:00,3.04,3.04,3.04,3.04,2
12/09/2017,18:36:00,3.04,3.04,3.04,3.04,2
12/09/2017,18:37:00,3.04,3.04,3.04,3.04,5
12/09/2017,18:38:00,3.04,3.04,3.04,3.04,13
12/09/2017,18:39:00,3.0395,3.04,3.0395,3.04,12
12/09/2017,18:41:00,3.04,3.04,3.0395,3.0395,2
12/09/2017,18:42:00,3.0395,3.0395,3.0395,3.0395,2
12/09/2017,18:43:00,3.0395,3.0395,3.0395,3.0395,1
12/09/2017,18:44:00,3.04,3.04,3.0395,3.0395,7
12/09/2017,18:46:00,3.0395,3.04,3.0395,3.0395,3
12/09/2017,18:47:00,3.0395,3.0395,3.039,3.039,7
12/09/2017,18:48:00,3.039,3.039,3.039,3.039,5
12/09/2017,18:49:00,3.039,3.039,3.0385,3.039,12
12/09/2017,18:50:00,3.039,3.039,3.039,3.039,8
12/09/2017,18:52:00,3.039,3.039,3.039,3.039,1
12/09/2017,18:53:00,3.039,3.039,3.0385,3.0385,3
12/09/2017,18:54:00,3.0385,3.039,3.0385,3.0385,10
12/09/2017,18:55:00,3.0385,3.0385,3.0385,3.0385,6
12/09/2017,18:56:00,3.0385,3.0385,3.0385,3.0385,1
12/09/2017,18:58:00,3.0385,3.039,3.0385,3.0385,14
12/09/2017,18:59:00,3.0385,3.039,3.0385,3.039,8
12/09/2017,19:00:00,3.0385,3.0385,3.0385,3.0385,7
12/09/2017,19:01:00,3.039,3.039,3.0385,3.0385,3
12/09/2017,19:02:00,3.0385,3.0385,3.0385,3.0385,5
12/09/2017,19:03:00,3.039,3.039,3.0385,3.0385,15
12/09/2017,19:04:00,3.0385,3.0385,3.0385,3.0385,12
12/09/2017,19:05:00,3.0385,3.039,3.0385,3.0385,12
12/09/2017,19:06:00,3.0385,3.0395,3.0385,3.0385,46
12/09/2017,19:07:00,3.0385,3.0385,3.0385,3.0385,2
12/09/2017,19:08:00,3.0385,3.0385,3.038,3.038,18
12/09/2017,19:09:00,3.038,3.039,3.038,3.0385,51
12/09/2017,19:10:00,3.039,3.0395,3.039,3.0395,22
12/09/2017,19:11:00,3.039,3.039,3.039,3.039,8
12/09/2017,19:12:00,3.039,3.0395,3.039,3.039,6
12/09/2017,19:13:00,3.039,3.0395,3.039,3.0395,8
12/09/2017,19:14:00,3.0395,3.0395,3.039,3.039,17
12/09/2017,19:15:00,3.039,3.039,3.039,3.039,19
12/09/2017,19:16:00,3.0385,3.039,3.0385,3.039,3
12/09/2017,19:17:00,3.0395,3.0395,3.039,3.039,3
12/09/2017,19:18:00,3.039,3.039,3.039,3.039,15
12/09/2017,19:19:00,3.039,3.039,3.0385,3.0385,12
12/09/2017,19:20:00,3.038,3.038,3.038,3.038,1
12/09/2017,19:21:00,3.038,3.038,3.0375,3.0375,8
12/09/2017,19:22:00,3.038,3.038,3.038,3.038,6
12/09/2017,19:23:00,3.038,3.038,3.0375,3.0375,22
12/09/2017,19:24:00,3.0375,3.0375,3.0375,3.0375,1
12/09/2017,19:25:00,3.0375,3.0375,3.0375,3.0375,12
12/09/2017,19:26:00,3.0375,3.0375,3.037,3.037,7
12/09/2017,19:27:00,3.037,3.0375,3.037,3.037,14
12/09/2017,19:28:00,3.037,3.037,3.037,3.037,6
12/09/2017,19:29:00,3.037,3.037,3.037,3.037,5
12/09/2017,19:30:00,3.037,3.037,3.0365,3.037,34
12/09/2017,19:31:00,3.037,3.037,3.0365,3.0365,13
12/09/2017,19:32:00,3.0365,3.0365,3.0365,3.0365,1
12/09/2017,19:33:00,3.0365,3.0365,3.0365,3.0365,3
12/09/2017,19:34:00,3.0365,3.0365,3.036,3.036,33
12/09/2017,19:35:00,3.036,3.0365,3.036,3.036,10
12/09/2017,19:36:00,3.036,3.0365,3.036,3.036,4
12/09/2017,19:37:00,3.0365,3.0365,3.036,3.036,4
12/09/2017,19:38:00,3.036,3.0365,3.036,3.036,8
12/09/2017,19:39:00,3.0365,3.0365,3.036,3.036,2
12/09/2017,19:40:00,3.036,3.0365,3.036,3.036,5
12/09/2017,19:41:00,3.036,3.0365,3.036,3.036,3
12/09/2017,19:42:00,3.0365,3.0365,3.0365,3.0365,8
12/09/2017,19:43:00,3.0365,3.0365,3.0365,3.0365,17
12/09/2017,19:44:00,3.0365,3.0365,3.0365,3.0365,6
12/09/2017,19:45:00,3.0365,3.0365,3.0365,3.0365,2
12/09/2017,19:47:00,3.036,3.036,3.036,3.036,4
12/09/2017,19:48:00,3.036,3.036,3.035,3.0355,56
12/09/2017,19:49:00,3.035,3.035,3.035,3.035,18
12/09/2017,19:50:00,3.035,3.035,3.035,3.035,10
12/09/2017,19:51:00,3.035,3.035,3.035,3.035,5
12/09/2017,19:53:00,3.035,3.036,3.035,3.0355,56
12/09/2017,19:54:00,3.035,3.035,3.0335,3.0335,71
12/09/2017,19:55:00,3.0335,3.0345,3.0335,3.0345,37
12/09/2017,19:56:00,3.034,3.034,3.034,3.034,3
12/09/2017,19:57:00,3.034,3.034,3.0335,3.034,11
12/09/2017,19:58:00,3.0335,3.0345,3.0335,3.0345,17
12/09/2017,19:59:00,3.0345,3.0345,3.0335,3.034,40
12/09/2017,20:00:00,3.034,3.0375,3.034,3.037,163
12/09/2017,20:01:00,3.037,3.04,3.037,3.039,341
12/09/2017,20:02:00,3.039,3.0395,3.0375,3.039,69
12/09/2017,20:03:00,3.039,3.0425,3.039,3.0405,165
12/09/2017,20:04:00,3.041,3.044,3.0395,3.042,287
12/09/2017,20:05:00,3.042,3.042,3.0405,3.0415,101
12/09/2017,20:06:00,3.041,3.042,3.041,3.041,83
12/09/2017,20:07:00,3.041,3.041,3.04,3.0405,20
12/09/2017,20:08:00,3.0405,3.0415,3.04,3.0415,86
12/09/2017,20:09:00,3.041,3.042,3.0395,3.0405,131
12/09/2017,20:10:00,3.0405,3.041,3.0395,3.041,99
12/09/2017,20:11:00,3.0405,3.041,3.0405,3.0405,32
12/09/2017,20:12:00,3.041,3.041,3.038,3.0385,115
12/09/2017,20:13:00,3.039,3.04,3.039,3.04,112
12/09/2017,20:14:00,3.04,3.04,3.039,3.0395,61
12/09/2017,20:15:00,3.0395,3.04,3.038,3.038,97
12/09/2017,20:16:00,3.0385,3.039,3.038,3.039,27
12/09/2017,20:17:00,3.0385,3.039,3.0375,3.038,33
12/09/2017,20:18:00,3.038,3.038,3.0375,3.0375,62
12/09/2017,20:19:00,3.037,3.0375,3.037,3.037,66
12/09/2017,20:20:00,3.037,3.037,3.0355,3.0355,62
12/09/2017,20:21:00,3.036,3.037,3.036,3.037,28
12/09/2017,20:22:00,3.037,3.038,3.037,3.038,16
12/09/2017,20:23:00,3.0375,3.038,3.0375,3.0375,27
12/09/2017,20:24:00,3.037,3.0385,3.037,3.0385,49
12/09/2017,20:25:00,3.0385,3.039,3.038,3.0385,73
12/09/2017,20:26:00,3.038,3.0385,3.038,3.0385,37
12/09/2017,20:27:00,3.038,3.0385,3.038,3.0385,5
12/09/2017,20:28:00,3.039,3.039,3.0385,3.039,22
12/09/2017,20:29:00,3.039,3.04,3.039,3.0395,40
12/09/2017,20:30:00,3.039,3.04,3.039,3.0395,65
12/09/2017,20:31:00,3.0395,3.04,3.0395,3.04,52
12/09/2017,20:32:00,3.04,3.0405,3.0395,3.0395,39
12/09/2017,20:33:00,3.0395,3.04,3.039,3.04,27
12/09/2017,20:34:00,3.0395,3.0395,3.039,3.0395,17
12/09/2017,20:35:00,3.039,3.039,3.038,3.038,40
12/09/2017,20:36:00,3.038,3.038,3.0365,3.037,79
12/09/2017,20:37:00,3.0375,3.0375,3.0365,3.037,31
12/09/2017,20:38:00,3.037,3.0375,3.0365,3.0375,43
12/09/2017,20:39:00,3.038,3.038,3.0375,3.0375,32
12/09/2017,20:40:00,3.0375,3.0375,3.0375,3.0375,19
12/09/2017,20:41:00,3.037,3.038,3.037,3.038,32
12/09/2017,20:42:00,3.038,3.038,3.038,3.038,27
12/09/2017,20:43:00,3.0375,3.038,3.0375,3.038,10
12/09/2017,20:44:00,3.0385,3.0385,3.038,3.038,25
12/09/2017,20:45:00,3.038,3.0385,3.038,3.038,61
12/09/2017,20:46:00,3.038,3.038,3.038,3.038,21
12/09/2017,20:47:00,3.038,3.039,3.038,3.039,38
12/09/2017,20:48:00,3.0385,3.039,3.0385,3.0385,56
12/09/2017,20:49:00,3.039,3.0395,3.039,3.039,34
12/09/2017,20:50:00,3.0395,3.0405,3.0395,3.0405,118
12/09/2017,20:51:00,3.04,3.0405,3.0395,3.04,100
12/09/2017,20:52:00,3.0405,3.0425,3.0405,3.0425,245
12/09/2017,20:53:00,3.0425,3.043,3.0415,3.0425,147
12/09/2017,20:54:00,3.043,3.043,3.0425,3.043,72
12/09/2017,20:55:00,3.043,3.045,3.043,3.0445,306
12/09/2017,20:56:00,3.044,3.0445,3.0435,3.044,145
12/09/2017,20:57:00,3.044,3.0445,3.0435,3.044,54
12/09/2017,20:58:00,3.0435,3.044,3.043,3.043,74
12/09/2017,20:59:00,3.043,3.0445,3.043,3.044,150
12/09/2017,21:00:00,3.0445,3.0445,3.044,3.044,132
12/09/2017,21:01:00,3.0445,3.045,3.044,3.0445,61
12/09/2017,21:02:00,3.0445,3.0445,3.044,3.044,29
12/09/2017,21:03:00,3.0445,3.045,3.0445,3.045,49
12/09/2017,21:04:00,3.045,3.045,3.0435,3.0435,68
12/09/2017,21:05:00,3.0435,3.044,3.043,3.043,63
12/09/2017,21:06:00,3.0435,3.0435,3.0425,3.0425,40
12/09/2017,21:07:00,3.0425,3.043,3.0425,3.043,60
12/09/2017,21:08:00,3.043,3.043,3.0425,3.0425,13
12/09/2017,21:09:00,3.042,3.043,3.042,3.0425,40
12/09/2017,21:10:00,3.0425,3.0425,3.042,3.042,37
12/09/2017,21:11:00,3.042,3.0425,3.0415,3.042,50
12/09/2017,21:12:00,3.0425,3.0425,3.0415,3.042,59
12/09/2017,21:13:00,3.0415,3.0415,3.0405,3.041,30
12/09/2017,21:14:00,3.041,3.0415,3.0405,3.041,61
12/09/2017,21:15:00,3.0415,3.042,3.041,3.042,36
12/09/2017,21:16:00,3.042,3.042,3.041,3.0415,63
12/09/2017,21:17:00,3.041,3.0415,3.0405,3.0405,32
12/09/2017,21:18:00,3.0405,3.0405,3.0405,3.0405,14
12/09/2017,21:19:00,3.0405,3.0405,3.0405,3.0405,5
12/09/2017,21:20:00,3.0405,3.041,3.0405,3.041,16
12/09/2017,21:21:00,3.0405,3.0415,3.0405,3.0415,17
12/09/2017,21:22:00,3.0415,3.0415,3.041,3.0415,12
12/09/2017,21:23:00,3.0415,3.0415,3.041,3.041,5
12/09/2017,21:24:00,3.0415,3.0415,3.0415,3.0415,2
12/09/2017,21:25:00,3.041,3.041,3.041,3.041,1
12/09/2017,21:26:00,3.0415,3.0415,3.041,3.0415,3
12/09/2017,21:27:00,3.041,3.041,3.041,3.041,3
12/09/2017,21:28:00,3.041,3.041,3.041,3.041,1
12/09/2017,21:29:00,3.041,3.041,3.041,3.041,2
12/09/2017,21:30:00,3.041,3.041,3.0405,3.041,72
12/09/2017,21:31:00,3.0405,3.0405,3.0395,3.04,242
12/09/2017,21:32:00,3.04,3.04,3.0395,3.0395,77
12/09/2017,21:33:00,3.0395,3.0395,3.038,3.039,162
12/09/2017,21:34:00,3.039,3.0395,3.037,3.0375,153
12/09/2017,21:35:00,3.0375,3.038,3.0365,3.0375,165
12/09/2017,21:36:00,3.0375,3.0375,3.0365,3.0365,145
12/09/2017,21:37:00,3.0365,3.037,3.0355,3.037,64
12/09/2017,21:38:00,3.037,3.037,3.035,3.0365,106
12/09/2017,21:39:00,3.0365,3.0365,3.036,3.0365,75
12/09/2017,21:40:00,3.0365,3.038,3.0365,3.038,98
12/09/2017,21:41:00,3.0375,3.038,3.037,3.0375,57
12/09/2017,21:42:00,3.037,3.0385,3.037,3.038,64
12/09/2017,21:43:00,3.038,3.0385,3.038,3.038,16
12/09/2017,21:44:00,3.038,3.0385,3.038,3.038,23
12/09/2017,21:45:00,3.0385,3.0385,3.0375,3.0375,39
12/09/2017,21:46:00,3.0375,3.0375,3.0365,3.0375,35
12/09/2017,21:47:00,3.037,3.0375,3.0365,3.037,72
12/09/2017,21:48:00,3.037,3.0375,3.0365,3.037,56
12/09/2017,21:49:00,3.0365,3.037,3.0365,3.0365,14
12/09/2017,21:50:00,3.0365,3.0365,3.034,3.035,193
12/09/2017,21:51:00,3.035,3.035,3.032,3.032,183
12/09/2017,21:52:00,3.0325,3.033,3.0315,3.033,255
12/09/2017,21:53:00,3.033,3.034,3.0325,3.0335,177
12/09/2017,21:54:00,3.0335,3.034,3.0325,3.0325,104
12/09/2017,21:55:00,3.032,3.034,3.032,3.034,87
12/09/2017,21:56:00,3.034,3.034,3.033,3.0335,53
12/09/2017,21:57:00,3.034,3.0345,3.0335,3.0345,63
12/09/2017,21:58:00,3.034,3.0345,3.034,3.034,40
12/09/2017,21:59:00,3.034,3.0345,3.034,3.0345,53
12/09/2017,22:00:00,3.0345,3.035,3.0345,3.0345,40
12/09/2017,22:01:00,3.0345,3.0355,3.0345,3.035,67
12/09/2017,22:02:00,3.035,3.035,3.0345,3.0345,24
12/09/2017,22:03:00,3.0345,3.0345,3.0345,3.0345,1
12/09/2017,22:04:00,3.0345,3.035,3.034,3.0345,88
12/09/2017,22:05:00,3.0345,3.035,3.0345,3.035,63
12/09/2017,22:06:00,3.0355,3.0355,3.035,3.0355,39
12/09/2017,22:07:00,3.0355,3.0365,3.0355,3.036,88
12/09/2017,22:08:00,3.036,3.0365,3.036,3.0365,27
12/09/2017,22:09:00,3.0365,3.037,3.0355,3.036,52
12/09/2017,22:10:00,3.036,3.0365,3.036,3.0365,49
12/09/2017,22:11:00,3.036,3.0365,3.036,3.036,20
12/09/2017,22:12:00,3.036,3.0365,3.036,3.036,13
12/09/2017,22:13:00,3.036,3.0365,3.036,3.0365,16
12/09/2017,22:14:00,3.0365,3.0365,3.0355,3.036,74
12/09/2017,22:15:00,3.036,3.0365,3.0345,3.0345,188
12/09/2017,22:16:00,3.034,3.0345,3.034,3.0345,27
12/09/2017,22:17:00,3.0345,3.0345,3.0335,3.034,42
12/09/2017,22:18:00,3.0335,3.0335,3.0325,3.0325,42
12/09/2017,22:19:00,3.033,3.033,3.0325,3.0325,29
12/09/2017,22:20:00,3.033,3.033,3.0325,3.033,11
12/09/2017,22:21:00,3.0325,3.0325,3.031,3.032,94
12/09/2017,22:22:00,3.032,3.032,3.0305,3.0305,151
12/09/2017,22:23:00,3.031,3.0315,3.0285,3.0295,370
12/09/2017,22:24:00,3.03,3.031,3.0285,3.029,298
12/09/2017,22:25:00,3.029,3.0305,3.029,3.03,46
12/09/2017,22:26:00,3.0305,3.0305,3.0285,3.0285,48
12/09/2017,22:27:00,3.0285,3.03,3.0285,3.03,66
12/09/2017,22:28:00,3.03,3.03,3.0265,3.0275,263
12/09/2017,22:29:00,3.0275,3.0275,3.026,3.026,185
12/09/2017,22:30:00,3.0265,3.027,3.026,3.027,25
12/09/2017,22:31:00,3.0265,3.0275,3.0265,3.0275,43
12/09/2017,22:32:00,3.0275,3.0275,3.027,3.0275,22
12/09/2017,22:33:00,3.0275,3.0275,3.0265,3.0275,48
12/09/2017,22:34:00,3.027,3.028,3.0265,3.028,99
12/09/2017,22:35:00,3.028,3.029,3.028,3.0285,22
12/09/2017,22:36:00,3.0285,3.029,3.0285,3.0285,18
12/09/2017,22:37:00,3.0285,3.029,3.0285,3.0285,7
12/09/2017,22:38:00,3.029,3.029,3.0275,3.0275,32
12/09/2017,22:39:00,3.0285,3.0285,3.0275,3.028,18
12/09/2017,22:40:00,3.028,3.028,3.027,3.027,5
12/09/2017,22:41:00,3.0275,3.0275,3.027,3.0275,7
12/09/2017,22:42:00,3.0275,3.0275,3.027,3.027,15
12/09/2017,22:43:00,3.027,3.0275,3.0265,3.027,29
12/09/2017,22:44:00,3.027,3.027,3.0265,3.027,24
12/09/2017,22:45:00,3.027,3.028,3.027,3.028,20
12/09/2017,22:46:00,3.028,3.028,3.0275,3.0275,7
12/09/2017,22:47:00,3.0275,3.0285,3.0275,3.028,14
12/09/2017,22:48:00,3.028,3.0285,3.028,3.028,13
12/09/2017,22:49:00,3.028,3.0285,3.0275,3.0275,11
12/09/2017,22:50:00,3.028,3.028,3.0275,3.028,22
12/09/2017,22:51:00,3.0285,3.0285,3.028,3.028,4
12/09/2017,22:52:00,3.0285,3.0285,3.028,3.0285,15
12/09/2017,22:53:00,3.029,3.029,3.0285,3.029,40
12/09/2017,22:54:00,3.029,3.029,3.029,3.029,8
12/09/2017,22:55:00,3.029,3.029,3.0285,3.0285,9
12/09/2017,22:56:00,3.0285,3.0285,3.0285,3.0285,3
12/09/2017,22:57:00,3.0285,3.029,3.0285,3.029,21
12/09/2017,22:58:00,3.029,3.029,3.029,3.029,2
12/09/2017,22:59:00,3.029,3.0295,3.029,3.0295,10
12/09/2017,23:00:00,3.029,3.029,3.0285,3.029,13
12/09/2017,23:01:00,3.0285,3.029,3.0285,3.029,10
12/09/2017,23:02:00,3.0285,3.029,3.0285,3.029,4
12/09/2017,23:03:00,3.029,3.029,3.029,3.029,2
12/09/2017,23:04:00,3.0285,3.0285,3.0285,3.0285,2
12/09/2017,23:05:00,3.029,3.029,3.029,3.029,5
12/09/2017,23:06:00,3.0285,3.029,3.0285,3.029,6
12/09/2017,23:07:00,3.029,3.0295,3.029,3.0295,18
12/09/2017,23:08:00,3.0295,3.0295,3.029,3.029,22
12/09/2017,23:09:00,3.029,3.029,3.029,3.029,5
12/09/2017,23:10:00,3.0295,3.0295,3.029,3.029,2
12/09/2017,23:11:00,3.0295,3.0295,3.029,3.029,7
12/09/2017,23:13:00,3.029,3.0295,3.029,3.029,31
12/09/2017,23:14:00,3.0295,3.0295,3.029,3.029,4
12/09/2017,23:15:00,3.0295,3.0295,3.0295,3.0295,2
12/09/2017,23:16:00,3.029,3.0295,3.029,3.0295,3
12/09/2017,23:17:00,3.0295,3.0295,3.029,3.029,7
12/09/2017,23:18:00,3.029,3.0295,3.029,3.0295,7
12/09/2017,23:20:00,3.0295,3.0295,3.0295,3.0295,1
12/09/2017,23:21:00,3.029,3.029,3.029,3.029,26
12/09/2017,23:23:00,3.029,3.0295,3.029,3.0295,3
12/09/2017,23:24:00,3.0295,3.0295,3.029,3.0295,3
12/09/2017,23:26:00,3.0295,3.0295,3.029,3.029,2
12/09/2017,23:27:00,3.029,3.029,3.029,3.029,7
12/09/2017,23:30:00,3.029,3.029,3.029,3.029,11
12/09/2017,23:31:00,3.029,3.0295,3.029,3.0295,4
12/09/2017,23:33:00,3.0295,3.0295,3.029,3.0295,20
12/09/2017,23:34:00,3.029,3.029,3.029,3.029,3
12/09/2017,23:35:00,3.0285,3.029,3.0285,3.029,8
12/09/2017,23:36:00,3.0285,3.0285,3.0285,3.0285,17
12/09/2017,23:37:00,3.028,3.028,3.028,3.028,3
12/09/2017,23:38:00,3.028,3.0285,3.028,3.028,4
12/09/2017,23:39:00,3.0285,3.0285,3.0285,3.0285,30
12/09/2017,23:40:00,3.0285,3.0285,3.028,3.0285,17
12/09/2017,23:41:00,3.028,3.0285,3.028,3.028,9
12/09/2017,23:42:00,3.028,3.028,3.028,3.028,5
12/09/2017,23:43:00,3.028,3.0285,3.028,3.0285,25
12/09/2017,23:44:00,3.0285,3.0285,3.0285,3.0285,17
12/09/2017,23:45:00,3.0285,3.0285,3.028,3.0285,13
12/09/2017,23:47:00,3.0285,3.0285,3.0285,3.0285,1
12/09/2017,23:48:00,3.0285,3.0285,3.0285,3.0285,3
12/09/2017,23:50:00,3.0285,3.0285,3.0285,3.0285,1
12/09/2017,23:51:00,3.0285,3.0285,3.0285,3.0285,2
12/09/2017,23:52:00,3.028,3.0285,3.028,3.0285,3
12/09/2017,23:53:00,3.028,3.0285,3.028,3.0285,4
12/09/2017,23:54:00,3.0285,3.0285,3.028,3.028,6
12/09/2017,23:55:00,3.028,3.028,3.028,3.028,1
12/09/2017,23:56:00,3.028,3.028,3.028,3.028,17
12/09/2017,23:57:00,3.0275,3.0275,3.0265,3.0265,61
12/09/2017,23:58:00,3.027,3.027,3.026,3.026,45
12/09/2017,23:59:00,3.026,3.0265,3.026,3.0265,11